[{"model": "auth.permission", "pk": 1, "fields": {"name": "Can add log entry", "content_type": 1, "codename": "add_logentry"}}, {"model": "auth.permission", "pk": 2, "fields": {"name": "Can change log entry", "content_type": 1, "codename": "change_logentry"}}, {"model": "auth.permission", "pk": 3, "fields": {"name": "Can delete log entry", "content_type": 1, "codename": "delete_logentry"}}, {"model": "auth.permission", "pk": 4, "fields": {"name": "Can view log entry", "content_type": 1, "codename": "view_logentry"}}, {"model": "auth.permission", "pk": 5, "fields": {"name": "Can add permission", "content_type": 2, "codename": "add_permission"}}, {"model": "auth.permission", "pk": 6, "fields": {"name": "Can change permission", "content_type": 2, "codename": "change_permission"}}, {"model": "auth.permission", "pk": 7, "fields": {"name": "Can delete permission", "content_type": 2, "codename": "delete_permission"}}, {"model": "auth.permission", "pk": 8, "fields": {"name": "Can view permission", "content_type": 2, "codename": "view_permission"}}, {"model": "auth.permission", "pk": 9, "fields": {"name": "Can add group", "content_type": 3, "codename": "add_group"}}, {"model": "auth.permission", "pk": 10, "fields": {"name": "Can change group", "content_type": 3, "codename": "change_group"}}, {"model": "auth.permission", "pk": 11, "fields": {"name": "Can delete group", "content_type": 3, "codename": "delete_group"}}, {"model": "auth.permission", "pk": 12, "fields": {"name": "Can view group", "content_type": 3, "codename": "view_group"}}, {"model": "auth.permission", "pk": 13, "fields": {"name": "Can add user", "content_type": 4, "codename": "add_user"}}, {"model": "auth.permission", "pk": 14, "fields": {"name": "Can change user", "content_type": 4, "codename": "change_user"}}, {"model": "auth.permission", "pk": 15, "fields": {"name": "Can delete user", "content_type": 4, "codename": "delete_user"}}, {"model": "auth.permission", "pk": 16, "fields": {"name": "Can view user", "content_type": 4, "codename": "view_user"}}, {"model": "auth.permission", "pk": 17, "fields": {"name": "Can add content type", "content_type": 5, "codename": "add_contenttype"}}, {"model": "auth.permission", "pk": 18, "fields": {"name": "Can change content type", "content_type": 5, "codename": "change_contenttype"}}, {"model": "auth.permission", "pk": 19, "fields": {"name": "Can delete content type", "content_type": 5, "codename": "delete_contenttype"}}, {"model": "auth.permission", "pk": 20, "fields": {"name": "Can view content type", "content_type": 5, "codename": "view_contenttype"}}, {"model": "auth.permission", "pk": 21, "fields": {"name": "Can add session", "content_type": 6, "codename": "add_session"}}, {"model": "auth.permission", "pk": 22, "fields": {"name": "Can change session", "content_type": 6, "codename": "change_session"}}, {"model": "auth.permission", "pk": 23, "fields": {"name": "Can delete session", "content_type": 6, "codename": "delete_session"}}, {"model": "auth.permission", "pk": 24, "fields": {"name": "Can view session", "content_type": 6, "codename": "view_session"}}, {"model": "auth.permission", "pk": 25, "fields": {"name": "Can add city", "content_type": 7, "codename": "add_city"}}, {"model": "auth.permission", "pk": 26, "fields": {"name": "Can change city", "content_type": 7, "codename": "change_city"}}, {"model": "auth.permission", "pk": 27, "fields": {"name": "Can delete city", "content_type": 7, "codename": "delete_city"}}, {"model": "auth.permission", "pk": 28, "fields": {"name": "Can view city", "content_type": 7, "codename": "view_city"}}, {"model": "auth.permission", "pk": 29, "fields": {"name": "Can add movie", "content_type": 8, "codename": "add_movie"}}, {"model": "auth.permission", "pk": 30, "fields": {"name": "Can change movie", "content_type": 8, "codename": "change_movie"}}, {"model": "auth.permission", "pk": 31, "fields": {"name": "Can delete movie", "content_type": 8, "codename": "delete_movie"}}, {"model": "auth.permission", "pk": 32, "fields": {"name": "Can view movie", "content_type": 8, "codename": "view_movie"}}, {"model": "auth.permission", "pk": 33, "fields": {"name": "Can add show", "content_type": 9, "codename": "add_show"}}, {"model": "auth.permission", "pk": 34, "fields": {"name": "Can change show", "content_type": 9, "codename": "change_show"}}, {"model": "auth.permission", "pk": 35, "fields": {"name": "Can delete show", "content_type": 9, "codename": "delete_show"}}, {"model": "auth.permission", "pk": 36, "fields": {"name": "Can view show", "content_type": 9, "codename": "view_show"}}, {"model": "auth.permission", "pk": 37, "fields": {"name": "Can add theater", "content_type": 10, "codename": "add_theater"}}, {"model": "auth.permission", "pk": 38, "fields": {"name": "Can change theater", "content_type": 10, "codename": "change_theater"}}, {"model": "auth.permission", "pk": 39, "fields": {"name": "Can delete theater", "content_type": 10, "codename": "delete_theater"}}, {"model": "auth.permission", "pk": 40, "fields": {"name": "Can view theater", "content_type": 10, "codename": "view_theater"}}, {"model": "auth.permission", "pk": 41, "fields": {"name": "Can add theater seat", "content_type": 11, "codename": "add_theaterseat"}}, {"model": "auth.permission", "pk": 42, "fields": {"name": "Can change theater seat", "content_type": 11, "codename": "change_theaterseat"}}, {"model": "auth.permission", "pk": 43, "fields": {"name": "Can delete theater seat", "content_type": 11, "codename": "delete_theaterseat"}}, {"model": "auth.permission", "pk": 44, "fields": {"name": "Can view theater seat", "content_type": 11, "codename": "view_theaterseat"}}, {"model": "auth.permission", "pk": 45, "fields": {"name": "Can add booking", "content_type": 12, "codename": "add_booking"}}, {"model": "auth.permission", "pk": 46, "fields": {"name": "Can change booking", "content_type": 12, "codename": "change_booking"}}, {"model": "auth.permission", "pk": 47, "fields": {"name": "Can delete booking", "content_type": 12, "codename": "delete_booking"}}, {"model": "auth.permission", "pk": 48, "fields": {"name": "Can view booking", "content_type": 12, "codename": "view_booking"}}, {"model": "auth.permission", "pk": 49, "fields": {"name": "Can add show seat", "content_type": 13, "codename": "add_showseat"}}, {"model": "auth.permission", "pk": 50, "fields": {"name": "Can change show seat", "content_type": 13, "codename": "change_showseat"}}, {"model": "auth.permission", "pk": 51, "fields": {"name": "Can delete show seat", "content_type": 13, "codename": "delete_showseat"}}, {"model": "auth.permission", "pk": 52, "fields": {"name": "Can view show seat", "content_type": 13, "codename": "view_showseat"}}, {"model": "auth.permission", "pk": 53, "fields": {"name": "Can add payment", "content_type": 14, "codename": "add_payment"}}, {"model": "auth.permission", "pk": 54, "fields": {"name": "Can change payment", "content_type": 14, "codename": "change_payment"}}, {"model": "auth.permission", "pk": 55, "fields": {"name": "Can delete payment", "content_type": 14, "codename": "delete_payment"}}, {"model": "auth.permission", "pk": 56, "fields": {"name": "Can view payment", "content_type": 14, "codename": "view_payment"}}, {"model": "auth.user", "pk": 1, "fields": {"password": "pbkdf2_sha256$260000$JTF2oo6L9faSlghUG3dS5P$R7Xe4+7ZuJrLj3vqPc0tzC45Oc3rJEPl2NSjb3h8ij0=", "last_login": "2021-04-13T17:34:20.382Z", "is_superuser": true, "username": "asad", "first_name": "", "last_name": "", "email": "", "is_staff": true, "is_active": true, "date_joined": "2021-04-13T17:33:44.149Z", "groups": [], "user_permissions": []}}, {"model": "contenttypes.contenttype", "pk": 1, "fields": {"app_label": "admin", "model": "logentry"}}, {"model": "contenttypes.contenttype", "pk": 2, "fields": {"app_label": "auth", "model": "permission"}}, {"model": "contenttypes.contenttype", "pk": 3, "fields": {"app_label": "auth", "model": "group"}}, {"model": "contenttypes.contenttype", "pk": 4, "fields": {"app_label": "auth", "model": "user"}}, {"model": "contenttypes.contenttype", "pk": 5, "fields": {"app_label": "contenttypes", "model": "contenttype"}}, {"model": "contenttypes.contenttype", "pk": 6, "fields": {"app_label": "sessions", "model": "session"}}, {"model": "contenttypes.contenttype", "pk": 7, "fields": {"app_label": "movies", "model": "city"}}, {"model": "contenttypes.contenttype", "pk": 8, "fields": {"app_label": "movies", "model": "movie"}}, {"model": "contenttypes.contenttype", "pk": 9, "fields": {"app_label": "movies", "model": "show"}}, {"model": "contenttypes.contenttype", "pk": 10, "fields": {"app_label": "movies", "model": "theater"}}, {"model": "contenttypes.contenttype", "pk": 11, "fields": {"app_label": "movies", "model": "theaterseat"}}, {"model": "contenttypes.contenttype", "pk": 12, "fields": {"app_label": "booking", "model": "booking"}}, {"model": "contenttypes.contenttype", "pk": 13, "fields": {"app_label": "booking", "model": "showseat"}}, {"model": "contenttypes.contenttype", "pk": 14, "fields": {"app_label": "booking", "model": "payment"}}, {"model": "sessions.session", "pk": "g08m0olecpleug47qx0xlgmbpddj8baw", "fields": {"session_data": ".eJxVjEEOwiAQRe_C2hBgAKlL9z0DGWaoVA0kpV0Z765NutDtf-_9l4i4rSVuPS9xZnERWpx-t4T0yHUHfMd6a5JaXZc5yV2RB-1ybJyf18P9OyjYy7dWlIDPxioIk3KeNKEBcghuIJXd5IMmw5kMgOFBg0brraLgg3HZMoj3B9E2Nyc:1lWMvc:jx5dp-_XCvce-fqzTnZSOdHf_zOBzKx-whyjVwrW_vY", "expire_date": "2021-04-27T17:34:20.387Z"}}, {"model": "movies.city", "pk": 1, "fields": {"city": "HYDERABAD", "state": "Telangana", "zipcode": 506004}}, {"model": "movies.city", "pk": 2, "fields": {"city": "DELHI", "state": "Delhi", "zipcode": 406001}}, {"model": "movies.theater", "pk": 1, "fields": {"name": "SPI S2", "city": 1, "address": "Gachibowli"}}, {"model": "movies.theater", "pk": 2, "fields": {"name": "PVR", "city": 1, "address": "Hitech City"}}, {"model": "movies.theater", "pk": 3, "fields": {"name": "INOX", "city": 1, "address": "Hitech City"}}, {"model": "movies.theater", "pk": 4, "fields": {"name": "PVR", "city": 2, "address": "Delhi"}}, {"model": "movies.theater", "pk": 5, "fields": {"name": "IMAX", "city": 2, "address": "Chruch Street"}}, {"model": "movies.theaterseat", "pk": 1, "fields": {"seatNumber": "a1", "seatType": "PREMIUM", "theater": 4}}, {"model": "movies.theaterseat", "pk": 2, "fields": {"seatNumber": "a2", "seatType": "PREMIUM", "theater": 4}}, {"model": "movies.theaterseat", "pk": 3, "fields": {"seatNumber": "a3", "seatType": "PREMIUM", "theater": 4}}, {"model": "movies.theaterseat", "pk": 4, "fields": {"seatNumber": "a4", "seatType": "PREMIUM", "theater": 4}}, {"model": "movies.theaterseat", "pk": 5, "fields": {"seatNumber": "b1", "seatType": "PREMIUM", "theater": 4}}, {"model": "movies.theaterseat", "pk": 6, "fields": {"seatNumber": "b2", "seatType": "PREMIUM", "theater": 4}}, {"model": "movies.theaterseat", "pk": 7, "fields": {"seatNumber": "b3", "seatType": "PREMIUM", "theater": 4}}, {"model": "movies.theaterseat", "pk": 8, "fields": {"seatNumber": "b4", "seatType": "PREMIUM", "theater": 4}}, {"model": "movies.movie", "pk": 1, "fields": {"name": "Avengers", "cast": "", "director": "", "language": "ENGLISH", "run_length": null, "certificate": "A", "image": ""}}, {"model": "movies.movie", "pk": 2, "fields": {"name": "Stuart Litte", "cast": "", "director": "", "language": "ENGLISH", "run_length": null, "certificate": "A", "image": ""}}, {"model": "movies.movie", "pk": 3, "fields": {"name": "Inception", "cast": "", "director": "", "language": "ENGLISH", "run_length": null, "certificate": "U", "image": ""}}, {"model": "movies.show", "pk": 1, "fields": {"movie": 2, "theater": 1, "show_time": "2021-04-12T12:00:00Z"}}, {"model": "movies.show", "pk": 2, "fields": {"movie": 1, "theater": 1, "show_time": "2021-04-12T15:00:00Z"}}, {"model": "movies.show", "pk": 3, "fields": {"movie": 1, "theater": 3, "show_time": "2021-04-12T15:00:00Z"}}, {"model": "movies.show", "pk": 4, "fields": {"movie": 2, "theater": 3, "show_time": "2021-04-12T13:00:00Z"}}, {"model": "movies.show", "pk": 5, "fields": {"movie": 1, "theater": 4, "show_time": "2021-04-12T13:00:00Z"}}, {"model": "movies.show", "pk": 6, "fields": {"movie": 1, "theater": 4, "show_time": "2021-04-12T17:00:00Z"}}, {"model": "booking.booking", "pk": 1, "fields": {"status": false, "show": 1, "user": null, "created_at": "2021-04-12T21:23:45.701Z"}}, {"model": "booking.booking", "pk": 2, "fields": {"status": false, "show": 1, "user": "asad", "created_at": "2021-04-12T21:24:04.370Z"}}, {"model": "booking.booking", "pk": 3, "fields": {"status": false, "show": 1, "user": "ashu", "created_at": "2021-04-12T21:27:23.396Z"}}, {"model": "booking.booking", "pk": 4, "fields": {"status": false, "show": 2, "user": "ashi", "created_at": "2021-04-12T21:40:46.061Z"}}, {"model": "booking.booking", "pk": 5, "fields": {"status": false, "show": 6, "user": "ashi", "created_at": "2021-04-13T09:30:51.812Z"}}, {"model": "booking.booking", "pk": 6, "fields": {"status": false, "show": 6, "user": "ashi2", "created_at": "2021-04-13T10:33:06.644Z"}}, {"model": "booking.booking", "pk": 7, "fields": {"status": false, "show": 6, "user": "ashi2", "created_at": "2021-04-13T10:33:56.906Z"}}, {"model": "booking.booking", "pk": 8, "fields": {"status": false, "show": 6, "user": "ashi2", "created_at": "2021-04-13T10:34:08.435Z"}}, {"model": "booking.booking", "pk": 9, "fields": {"status": false, "show": 6, "user": "ashi2", "created_at": "2021-04-13T10:35:02.067Z"}}, {"model": "booking.booking", "pk": 10, "fields": {"status": true, "show": 6, "user": "ashi3", "created_at": "2021-04-13T10:37:45.782Z"}}, {"model": "booking.booking", "pk": 11, "fields": {"status": false, "show": 6, "user": "nevronas", "created_at": "2021-04-13T13:50:52.061Z"}}, {"model": "booking.booking", "pk": 12, "fields": {"status": false, "show": 6, "user": "nevronas", "created_at": "2021-04-13T13:51:19.577Z"}}, {"model": "booking.booking", "pk": 13, "fields": {"status": false, "show": 6, "user": "nevronas", "created_at": "2021-04-13T13:54:23.076Z"}}, {"model": "booking.booking", "pk": 14, "fields": {"status": false, "show": 6, "user": "nevronas", "created_at": "2021-04-13T17:24:29.757Z"}}, {"model": "booking.booking", "pk": 15, "fields": {"status": false, "show": 6, "user": "nevronas", "created_at": "2021-04-13T17:29:58.683Z"}}, {"model": "booking.booking", "pk": 16, "fields": {"status": false, "show": 6, "user": "nevronas", "created_at": "2021-04-13T17:31:52.013Z"}}, {"model": "booking.booking", "pk": 17, "fields": {"status": false, "show": 6, "user": "nevronas", "created_at": "2021-04-13T17:41:20.801Z"}}, {"model": "booking.booking", "pk": 18, "fields": {"status": false, "show": 6, "user": "nevronas", "created_at": "2021-04-13T17:47:00.982Z"}}, {"model": "booking.booking", "pk": 19, "fields": {"status": false, "show": 6, "user": "nevronas", "created_at": "2021-04-13T17:50:17.354Z"}}, {"model": "booking.booking", "pk": 20, "fields": {"status": false, "show": 6, "user": "nevronas", "created_at": "2021-04-13T17:52:10.701Z"}}, {"model": "booking.showseat", "pk": 1, "fields": {"seat": 1, "price": 100.0, "status": true, "show": 6, "booking": 5}}, {"model": "booking.showseat", "pk": 2, "fields": {"seat": 2, "price": 100.0, "status": true, "show": 6, "booking": 5}}, {"model": "booking.showseat", "pk": 3, "fields": {"seat": 3, "price": 100.0, "status": true, "show": 6, "booking": 5}}, {"model": "booking.showseat", "pk": 4, "fields": {"seat": 4, "price": 100.0, "status": true, "show": 6, "booking": 10}}, {"model": "booking.showseat", "pk": 5, "fields": {"seat": 5, "price": 150.0, "status": false, "show": 6, "booking": null}}, {"model": "booking.showseat", "pk": 6, "fields": {"seat": 6, "price": 150.0, "status": false, "show": 6, "booking": null}}, {"model": "booking.showseat", "pk": 7, "fields": {"seat": 6, "price": 150.0, "status": false, "show": 6, "booking": null}}, {"model": "booking.showseat", "pk": 8, "fields": {"seat": 6, "price": 150.0, "status": false, "show": 6, "booking": null}}, {"model": "booking.showseat", "pk": 9, "fields": {"seat": 7, "price": 150.0, "status": false, "show": 6, "booking": null}}, {"model": "booking.showseat", "pk": 10, "fields": {"seat": 8, "price": 150.0, "status": false, "show": 6, "booking": null}}, {"model": "booking.payment", "pk": 1, "fields": {"amount": 100.0, "transactionID": "", "discountID": "", "created_at": "2021-04-13T10:35:02.067Z", "paymentMethod": "", "booking": 9}}, {"model": "booking.payment", "pk": 2, "fields": {"amount": 100.0, "transactionID": "123456789", "discountID": "", "created_at": "2021-04-13T10:37:45.782Z", "paymentMethod": "", "booking": 10}}, {"model": "booking.payment", "pk": 3, "fields": {"amount": 300.0, "transactionID": "", "discountID": "", "created_at": "2021-04-13T13:51:19.577Z", "paymentMethod": "", "booking": 12}}, {"model": "booking.payment", "pk": 4, "fields": {"amount": 300.0, "transactionID": "123456789", "discountID": "", "created_at": "2021-04-13T13:54:23.076Z", "paymentMethod": "", "booking": 13}}, {"model": "booking.payment", "pk": 5, "fields": {"amount": 150.0, "transactionID": "", "discountID": "", "created_at": "2021-04-13T17:24:29.757Z", "paymentMethod": "", "booking": 14}}, {"model": "booking.payment", "pk": 6, "fields": {"amount": 150.0, "transactionID": "", "discountID": "", "created_at": "2021-04-13T17:29:58.683Z", "paymentMethod": "", "booking": 15}}, {"model": "booking.payment", "pk": 7, "fields": {"amount": 150.0, "transactionID": "", "discountID": "", "created_at": "2021-04-13T17:31:52.013Z", "paymentMethod": "", "booking": 16}}, {"model": "booking.payment", "pk": 8, "fields": {"amount": 600.0, "transactionID": "", "discountID": "", "created_at": "2021-04-13T17:41:20.801Z", "paymentMethod": "", "booking": 17}}, {"model": "booking.payment", "pk": 9, "fields": {"amount": 600.0, "transactionID": "", "discountID": "", "created_at": "2021-04-13T17:52:10.701Z", "paymentMethod": "", "booking": 20}}]